0, 6, 9, 5, 62, 282, 242, 266, 415, 6, 119, 18, 8, 8, 69, 5, 158, 5, 8, 4, 173, 147, 6, 60, 72, 7, 254, 5, 5, 234, 5, 7, 5, 79, 265, 5, 298, 69, 8, 4, 7, 8, 303, 5, 6, 129, 14, 72, 5, 9, 348, 456, 58, 113, 7, 7, 9, 187, 4, 10, 7, 100, 6, 7, 6, 5, 12, 158, 6, 9, 8, 7, 77, 146, 5, 4, 149, 248, 10, 330, 5, 11, 523, 74, 30, 6, 5, 5, 7, 8, 6, 5, 127, 192, 4, 27, 7, 7, 8, 29, 189, 207, 4, 6, 322, 5, 100, 304, 7, 5, 258, 219, 284, 171, 216, 4, 124, 
1, 6, 9, 5, 62, 282, 242, 266, 415, 6, 119, 18, 8, 8, 69, 5, 158, 5, 8, 4, 173, 147, 6, 60, 72, 7, 254, 5, 5, 234, 5, 7, 5, 79, 265, 5, 298, 69, 8, 4, 7, 8, 303, 5, 6, 129, 14, 72, 5, 9, 348, 456, 58, 113, 7, 7, 9, 187, 4, 10, 7, 100, 6, 7, 6, 5, 12, 158, 6, 9, 8, 7, 77, 146, 5, 4, 149, 248, 10, 330, 5, 11, 523, 74, 30, 6, 5, 5, 7, 8, 6, 5, 127, 192, 4, 27, 7, 7, 8, 29, 189, 207, 4, 6, 322, 5, 100, 304, 7, 5, 258, 219, 284, 171, 216, 4, 124, 
2, 6, 9, 5, 62, 282, 242, 266, 415, 6, 119, 18, 8, 8, 69, 5, 158, 5, 8, 4, 173, 147, 6, 60, 72, 7, 254, 5, 5, 234, 5, 7, 5, 79, 265, 5, 298, 69, 8, 4, 7, 8, 303, 5, 6, 129, 14, 72, 5, 9, 348, 456, 58, 113, 7, 7, 9, 187, 4, 10, 7, 100, 6, 7, 6, 5, 12, 158, 6, 9, 8, 7, 77, 146, 5, 4, 149, 248, 10, 330, 5, 11, 523, 74, 30, 6, 5, 5, 7, 8, 6, 5, 127, 192, 4, 27, 7, 7, 8, 29, 189, 207, 4, 6, 322, 5, 100, 304, 7, 5, 258, 219, 284, 171, 216, 4, 124, 
3, 6, 9, 5, 62, 282, 242, 266, 415, 6, 119, 18, 8, 8, 69, 5, 158, 5, 8, 4, 173, 147, 6, 60, 72, 7, 254, 5, 5, 234, 5, 7, 5, 79, 265, 5, 298, 69, 8, 4, 7, 8, 303, 5, 6, 129, 14, 72, 5, 9, 348, 456, 58, 113, 7, 7, 9, 187, 4, 10, 7, 100, 6, 7, 6, 5, 12, 158, 6, 9, 8, 7, 77, 146, 5, 4, 149, 248, 10, 330, 5, 11, 523, 74, 30, 6, 5, 5, 7, 8, 6, 5, 127, 192, 4, 27, 7, 7, 8, 29, 189, 207, 4, 6, 322, 5, 100, 304, 7, 5, 258, 219, 284, 171, 216, 4, 124, 
4, 6, 9, 5, 62, 282, 242, 266, 415, 6, 119, 18, 8, 8, 69, 5, 158, 5, 8, 4, 173, 147, 6, 60, 72, 7, 254, 5, 5, 234, 5, 7, 5, 79, 265, 5, 298, 69, 8, 4, 7, 8, 303, 5, 6, 129, 14, 72, 5, 9, 348, 456, 58, 113, 7, 7, 9, 187, 4, 10, 7, 100, 6, 7, 6, 5, 12, 158, 6, 9, 8, 7, 77, 146, 5, 4, 149, 248, 10, 330, 5, 11, 523, 74, 30, 6, 5, 5, 7, 8, 6, 5, 127, 192, 4, 27, 7, 7, 8, 29, 189, 207, 4, 6, 322, 5, 100, 304, 7, 5, 258, 219, 284, 171, 216, 4, 124, 
5, 6, 9, 5, 62, 282, 242, 266, 415, 6, 119, 18, 8, 8, 69, 5, 158, 5, 8, 4, 173, 147, 6, 60, 72, 7, 254, 5, 5, 234, 5, 7, 5, 79, 265, 5, 298, 69, 8, 4, 7, 8, 303, 5, 6, 129, 14, 72, 5, 9, 348, 456, 58, 113, 7, 7, 9, 187, 4, 10, 7, 100, 6, 7, 6, 5, 12, 158, 6, 9, 8, 7, 77, 146, 5, 4, 149, 248, 10, 330, 5, 11, 523, 74, 30, 6, 5, 5, 7, 8, 6, 5, 127, 192, 4, 27, 7, 7, 8, 29, 189, 207, 4, 6, 322, 5, 100, 304, 7, 5, 258, 219, 284, 171, 216, 4, 124, 
6, 696, 573, 731, 664, 548, 618, 724, 622, 692, 570, 749, 707, 718, 697, 532, 535, 490, 603, 761, 588, 641, 658, 626, 588, 580, 532, 688, 636, 551, 785, 789, 600, 685, 671, 583, 750, 465, 545, 633, 634, 645, 623, 567, 837, 667, 660, 639, 780, 408, 565, 622, 656, 754, 556, 595, 640, 805, 763, 513, 565, 757, 761, 805, 644, 580, 590, 709, 688, 716, 543, 631, 689, 739, 605, 720, 678, 496, 890, 550, 400, 673, 568, 635, 730, 640, 761, 761, 617, 684, 657, 751, 520, 796, 535, 690, 609, 702, 701, 633, 596, 781, 639, 660, 683, 739, 722, 757, 626, 647, 625, 549, 644, 697, 638, 684, 717, 
7, 696, 573, 731, 664, 548, 618, 724, 622, 692, 570, 749, 707, 718, 697, 532, 535, 490, 603, 761, 588, 641, 658, 626, 588, 580, 532, 688, 636, 551, 785, 789, 600, 685, 671, 583, 750, 465, 545, 633, 634, 645, 623, 567, 837, 667, 660, 639, 780, 408, 565, 622, 656, 754, 556, 595, 640, 805, 763, 513, 565, 757, 761, 805, 644, 580, 590, 709, 688, 716, 543, 631, 689, 739, 605, 720, 678, 496, 890, 550, 400, 673, 568, 635, 730, 640, 761, 761, 617, 684, 657, 751, 520, 796, 535, 690, 609, 702, 701, 633, 596, 781, 639, 660, 683, 739, 722, 757, 626, 647, 625, 549, 644, 697, 638, 684, 717, 
8, 696, 573, 731, 664, 548, 618, 724, 622, 692, 570, 749, 707, 718, 697, 532, 535, 490, 603, 761, 588, 641, 658, 626, 588, 580, 532, 688, 636, 551, 785, 789, 600, 685, 671, 583, 750, 465, 545, 633, 634, 645, 623, 567, 837, 667, 660, 639, 780, 408, 565, 622, 656, 754, 556, 595, 640, 805, 763, 513, 565, 757, 761, 805, 644, 580, 590, 709, 688, 716, 543, 631, 689, 739, 605, 720, 678, 496, 890, 550, 400, 673, 568, 635, 730, 640, 761, 761, 617, 684, 657, 751, 520, 796, 535, 690, 609, 702, 701, 633, 596, 781, 639, 660, 683, 739, 722, 757, 626, 647, 625, 549, 644, 697, 638, 684, 717, 
9, 696, 573, 731, 664, 548, 618, 724, 622, 692, 570, 749, 707, 718, 697, 532, 535, 490, 603, 761, 588, 641, 658, 626, 588, 580, 532, 688, 636, 551, 785, 789, 600, 685, 671, 583, 750, 465, 545, 633, 634, 645, 623, 567, 837, 667, 660, 639, 780, 408, 565, 622, 656, 754, 556, 595, 640, 805, 763, 513, 565, 757, 761, 805, 644, 580, 590, 709, 688, 716, 543, 631, 689, 739, 605, 720, 678, 496, 890, 550, 400, 673, 568, 635, 730, 640, 761, 761, 617, 684, 657, 751, 520, 796, 535, 690, 609, 702, 701, 633, 596, 781, 639, 660, 683, 739, 722, 757, 626, 647, 625, 549, 644, 697, 638, 684, 717, 
10, 696, 573, 731, 664, 548, 618, 724, 622, 692, 570, 749, 707, 718, 697, 532, 535, 490, 603, 761, 588, 641, 658, 626, 588, 580, 532, 688, 636, 551, 785, 789, 600, 685, 671, 583, 750, 465, 545, 633, 634, 645, 623, 567, 837, 667, 660, 639, 780, 408, 565, 622, 656, 754, 556, 595, 640, 805, 763, 513, 565, 757, 761, 805, 644, 580, 590, 709, 688, 716, 543, 631, 689, 739, 605, 720, 678, 496, 890, 550, 400, 673, 568, 635, 730, 640, 761, 761, 617, 684, 657, 751, 520, 796, 535, 690, 609, 702, 701, 633, 596, 781, 639, 660, 683, 739, 722, 757, 626, 647, 625, 549, 644, 697, 638, 684, 717, 
11, 696, 573, 731, 664, 548, 618, 724, 622, 692, 570, 749, 707, 718, 697, 532, 535, 490, 603, 761, 588, 641, 658, 626, 588, 580, 532, 688, 636, 551, 785, 789, 600, 685, 671, 583, 750, 465, 545, 633, 634, 645, 623, 567, 837, 667, 660, 639, 780, 408, 565, 622, 656, 754, 556, 595, 640, 805, 763, 513, 565, 757, 761, 805, 644, 580, 590, 709, 688, 716, 543, 631, 689, 739, 605, 720, 678, 496, 890, 550, 400, 673, 568, 635, 730, 640, 761, 761, 617, 684, 657, 751, 520, 796, 535, 690, 609, 702, 701, 633, 596, 781, 639, 660, 683, 739, 722, 757, 626, 647, 625, 549, 644, 697, 638, 684, 717, 
12, 696, 573, 731, 664, 548, 618, 724, 622, 692, 570, 749, 707, 718, 697, 532, 535, 490, 603, 761, 588, 641, 658, 626, 588, 580, 532, 688, 636, 551, 785, 789, 600, 685, 671, 583, 750, 465, 545, 633, 634, 645, 623, 567, 837, 667, 660, 639, 780, 408, 565, 622, 656, 754, 556, 595, 640, 805, 763, 513, 565, 757, 761, 805, 644, 580, 590, 709, 688, 716, 543, 631, 689, 739, 605, 720, 678, 496, 890, 550, 400, 673, 568, 635, 730, 640, 761, 761, 617, 684, 657, 751, 520, 796, 535, 690, 609, 702, 701, 633, 596, 781, 639, 660, 683, 739, 722, 757, 626, 647, 625, 549, 644, 697, 638, 684, 717, 
13, 696, 573, 731, 664, 548, 618, 724, 622, 692, 570, 749, 707, 718, 697, 532, 535, 490, 603, 761, 588, 641, 658, 626, 588, 580, 532, 688, 636, 551, 785, 789, 600, 685, 671, 583, 750, 465, 545, 633, 634, 645, 623, 567, 837, 667, 660, 639, 780, 408, 565, 622, 656, 754, 556, 595, 640, 805, 763, 513, 565, 757, 761, 805, 644, 580, 590, 709, 688, 716, 543, 631, 689, 739, 605, 720, 678, 496, 890, 550, 400, 673, 568, 635, 730, 640, 761, 761, 617, 684, 657, 751, 520, 796, 535, 690, 609, 702, 701, 633, 596, 781, 639, 660, 683, 739, 722, 757, 626, 647, 625, 549, 644, 697, 638, 684, 717, 
14, 696, 573, 731, 664, 548, 618, 724, 622, 692, 570, 749, 707, 718, 697, 532, 535, 490, 603, 761, 588, 641, 658, 626, 588, 580, 532, 688, 636, 551, 785, 789, 600, 685, 671, 583, 750, 465, 545, 633, 634, 645, 623, 567, 837, 667, 660, 639, 780, 408, 565, 622, 656, 754, 556, 595, 640, 805, 763, 513, 565, 757, 761, 805, 644, 580, 590, 709, 688, 716, 543, 631, 689, 739, 605, 720, 678, 496, 890, 550, 400, 673, 568, 635, 730, 640, 761, 761, 617, 684, 657, 751, 520, 796, 535, 690, 609, 702, 701, 633, 596, 781, 639, 660, 683, 739, 722, 757, 626, 647, 625, 549, 644, 697, 638, 684, 717, 
15, 301, 285, 326, 420, 357, 292, 351, 320, 332, 278, 582, 453, 339, 362, 341, 352, 276, 301, 456, 283, 268, 470, 284, 453, 370, 228, 470, 431, 353, 365, 410, 396, 352, 357, 459, 362, 432, 402, 376, 332, 284, 311, 286, 488, 483, 370, 408, 500, 452, 325, 364, 490, 444, 312, 265, 460, 362, 424, 256, 329, 330, 406, 467, 474, 467, 394, 321, 501, 470, 342, 431, 376, 351, 289, 355, 426, 349, 490, 426, 424, 478, 374, 350, 351, 373, 364, 517, 331, 364, 355, 328, 284, 519, 241, 313, 286, 339, 382, 299, 436, 524, 311, 503, 479, 342, 421, 492, 292, 282, 443, 392, 324, 356, 328, 312, 401, 
16, 301, 285, 326, 420, 357, 292, 351, 320, 332, 278, 582, 453, 339, 362, 341, 352, 276, 301, 456, 283, 268, 470, 284, 453, 370, 228, 470, 431, 353, 365, 410, 396, 352, 357, 459, 362, 432, 402, 376, 332, 284, 311, 286, 488, 483, 370, 408, 500, 452, 325, 364, 490, 444, 312, 265, 460, 362, 424, 256, 329, 330, 406, 467, 474, 467, 394, 321, 501, 470, 342, 431, 376, 351, 289, 355, 426, 349, 490, 426, 424, 478, 374, 350, 351, 373, 364, 517, 331, 364, 355, 328, 284, 519, 241, 313, 286, 339, 382, 299, 436, 524, 311, 503, 479, 342, 421, 492, 292, 282, 443, 392, 324, 356, 328, 312, 401, 
17, 301, 285, 326, 420, 357, 292, 351, 320, 332, 278, 582, 453, 339, 362, 341, 352, 276, 301, 456, 283, 268, 470, 284, 453, 370, 228, 470, 431, 353, 365, 410, 396, 352, 357, 459, 362, 432, 402, 376, 332, 284, 311, 286, 488, 483, 370, 408, 500, 452, 325, 364, 490, 444, 312, 265, 460, 362, 424, 256, 329, 330, 406, 467, 474, 467, 394, 321, 501, 470, 342, 431, 376, 351, 289, 355, 426, 349, 490, 426, 424, 478, 374, 350, 351, 373, 364, 517, 331, 364, 355, 328, 284, 519, 241, 313, 286, 339, 382, 299, 436, 524, 311, 503, 479, 342, 421, 492, 292, 282, 443, 392, 324, 356, 328, 312, 401, 
18, 301, 285, 326, 420, 357, 292, 351, 320, 332, 278, 582, 453, 339, 362, 341, 352, 276, 301, 456, 283, 268, 470, 284, 453, 370, 228, 470, 431, 353, 365, 410, 396, 352, 357, 459, 362, 432, 402, 376, 332, 284, 311, 286, 488, 483, 370, 408, 500, 452, 325, 364, 490, 444, 312, 265, 460, 362, 424, 256, 329, 330, 406, 467, 474, 467, 394, 321, 501, 470, 342, 431, 376, 351, 289, 355, 426, 349, 490, 426, 424, 478, 374, 350, 351, 373, 364, 517, 331, 364, 355, 328, 284, 519, 241, 313, 286, 339, 382, 299, 436, 524, 311, 503, 479, 342, 421, 492, 292, 282, 443, 392, 324, 356, 328, 312, 401, 
19, 301, 285, 326, 420, 357, 292, 351, 320, 332, 278, 582, 453, 339, 362, 341, 352, 276, 301, 456, 283, 268, 470, 284, 453, 370, 228, 470, 431, 353, 365, 410, 396, 352, 357, 459, 362, 432, 402, 376, 332, 284, 311, 286, 488, 483, 370, 408, 500, 452, 325, 364, 490, 444, 312, 265, 460, 362, 424, 256, 329, 330, 406, 467, 474, 467, 394, 321, 501, 470, 342, 431, 376, 351, 289, 355, 426, 349, 490, 426, 424, 478, 374, 350, 351, 373, 364, 517, 331, 364, 355, 328, 284, 519, 241, 313, 286, 339, 382, 299, 436, 524, 311, 503, 479, 342, 421, 492, 292, 282, 443, 392, 324, 356, 328, 312, 401, 
20, 301, 285, 326, 420, 357, 292, 351, 320, 332, 278, 582, 453, 339, 362, 341, 352, 276, 301, 456, 283, 268, 470, 284, 453, 370, 228, 470, 431, 353, 365, 410, 396, 352, 357, 459, 362, 432, 402, 376, 332, 284, 311, 286, 488, 483, 370, 408, 500, 452, 325, 364, 490, 444, 312, 265, 460, 362, 424, 256, 329, 330, 406, 467, 474, 467, 394, 321, 501, 470, 342, 431, 376, 351, 289, 355, 426, 349, 490, 426, 424, 478, 374, 350, 351, 373, 364, 517, 331, 364, 355, 328, 284, 519, 241, 313, 286, 339, 382, 299, 436, 524, 311, 503, 479, 342, 421, 492, 292, 282, 443, 392, 324, 356, 328, 312, 401, 
21, 301, 285, 326, 420, 357, 292, 351, 320, 332, 278, 582, 453, 339, 362, 341, 352, 276, 301, 456, 283, 268, 470, 284, 453, 370, 228, 470, 431, 353, 365, 410, 396, 352, 357, 459, 362, 432, 402, 376, 332, 284, 311, 286, 488, 483, 370, 408, 500, 452, 325, 364, 490, 444, 312, 265, 460, 362, 424, 256, 329, 330, 406, 467, 474, 467, 394, 321, 501, 470, 342, 431, 376, 351, 289, 355, 426, 349, 490, 426, 424, 478, 374, 350, 351, 373, 364, 517, 331, 364, 355, 328, 284, 519, 241, 313, 286, 339, 382, 299, 436, 524, 311, 503, 479, 342, 421, 492, 292, 282, 443, 392, 324, 356, 328, 312, 401, 
22, 301, 285, 326, 420, 357, 292, 351, 320, 332, 278, 582, 453, 339, 362, 341, 352, 276, 301, 456, 283, 268, 470, 284, 453, 370, 228, 470, 431, 353, 365, 410, 396, 352, 357, 459, 362, 432, 402, 376, 332, 284, 311, 286, 488, 483, 370, 408, 500, 452, 325, 364, 490, 444, 312, 265, 460, 362, 424, 256, 329, 330, 406, 467, 474, 467, 394, 321, 501, 470, 342, 431, 376, 351, 289, 355, 426, 349, 490, 426, 424, 478, 374, 350, 351, 373, 364, 517, 331, 364, 355, 328, 284, 519, 241, 313, 286, 339, 382, 299, 436, 524, 311, 503, 479, 342, 421, 492, 292, 282, 443, 392, 324, 356, 328, 312, 401, 
23, 301, 285, 326, 420, 357, 292, 351, 320, 332, 278, 582, 453, 339, 362, 341, 352, 276, 301, 456, 283, 268, 470, 284, 453, 370, 228, 470, 431, 353, 365, 410, 396, 352, 357, 459, 362, 432, 402, 376, 332, 284, 311, 286, 488, 483, 370, 408, 500, 452, 325, 364, 490, 444, 312, 265, 460, 362, 424, 256, 329, 330, 406, 467, 474, 467, 394, 321, 501, 470, 342, 431, 376, 351, 289, 355, 426, 349, 490, 426, 424, 478, 374, 350, 351, 373, 364, 517, 331, 364, 355, 328, 284, 519, 241, 313, 286, 339, 382, 299, 436, 524, 311, 503, 479, 342, 421, 492, 292, 282, 443, 392, 324, 356, 328, 312, 401, 
24, 729, 712, 708, 629, 612, 570, 672, 661, 682, 666, 793, 766, 711, 608, 642, 561, 614, 565, 827, 654, 619, 702, 585, 621, 705, 605, 720, 676, 479, 755, 777, 612, 798, 642, 677, 815, 525, 598, 729, 657, 623, 625, 635, 832, 737, 644, 730, 749, 669, 566, 691, 691, 776, 664, 720, 658, 833, 729, 684, 666, 719, 840, 805, 756, 632, 665, 542, 809, 809, 566, 642, 765, 641, 619, 759, 655, 604, 799, 586, 694, 707, 592, 847, 602, 765, 813, 686, 747, 571, 695, 734, 557, 693, 607, 656, 510, 587, 806, 556, 718, 693, 560, 669, 657, 747, 746, 709, 688, 631, 705, 559, 638, 653, 746, 754, 682, 
25, 729, 712, 708, 629, 612, 570, 672, 661, 682, 666, 793, 766, 711, 608, 642, 561, 614, 565, 827, 654, 619, 702, 585, 621, 705, 605, 720, 676, 479, 755, 777, 612, 798, 642, 677, 815, 525, 598, 729, 657, 623, 625, 635, 832, 737, 644, 730, 749, 669, 566, 691, 691, 776, 664, 720, 658, 833, 729, 684, 666, 719, 840, 805, 756, 632, 665, 542, 809, 809, 566, 642, 765, 641, 619, 759, 655, 604, 799, 586, 694, 707, 592, 847, 602, 765, 813, 686, 747, 571, 695, 734, 557, 693, 607, 656, 510, 587, 806, 556, 718, 693, 560, 669, 657, 747, 746, 709, 688, 631, 705, 559, 638, 653, 746, 754, 682, 
26, 729, 712, 708, 629, 612, 570, 672, 661, 682, 666, 793, 766, 711, 608, 642, 561, 614, 565, 827, 654, 619, 702, 585, 621, 705, 605, 720, 676, 479, 755, 777, 612, 798, 642, 677, 815, 525, 598, 729, 657, 623, 625, 635, 832, 737, 644, 730, 749, 669, 566, 691, 691, 776, 664, 720, 658, 833, 729, 684, 666, 719, 840, 805, 756, 632, 665, 542, 809, 809, 566, 642, 765, 641, 619, 759, 655, 604, 799, 586, 694, 707, 592, 847, 602, 765, 813, 686, 747, 571, 695, 734, 557, 693, 607, 656, 510, 587, 806, 556, 718, 693, 560, 669, 657, 747, 746, 709, 688, 631, 705, 559, 638, 653, 746, 754, 682, 
27, 729, 712, 708, 629, 612, 570, 672, 661, 682, 666, 793, 766, 711, 608, 642, 561, 614, 565, 827, 654, 619, 702, 585, 621, 705, 605, 720, 676, 479, 755, 777, 612, 798, 642, 677, 815, 525, 598, 729, 657, 623, 625, 635, 832, 737, 644, 730, 749, 669, 566, 691, 691, 776, 664, 720, 658, 833, 729, 684, 666, 719, 840, 805, 756, 632, 665, 542, 809, 809, 566, 642, 765, 641, 619, 759, 655, 604, 799, 586, 694, 707, 592, 847, 602, 765, 813, 686, 747, 571, 695, 734, 557, 693, 607, 656, 510, 587, 806, 556, 718, 693, 560, 669, 657, 747, 746, 709, 688, 631, 705, 559, 638, 653, 746, 754, 682, 
28, 729, 712, 708, 629, 612, 570, 672, 661, 682, 666, 793, 766, 711, 608, 642, 561, 614, 565, 827, 654, 619, 702, 585, 621, 705, 605, 720, 676, 479, 755, 777, 612, 798, 642, 677, 815, 525, 598, 729, 657, 623, 625, 635, 832, 737, 644, 730, 749, 669, 566, 691, 691, 776, 664, 720, 658, 833, 729, 684, 666, 719, 840, 805, 756, 632, 665, 542, 809, 809, 566, 642, 765, 641, 619, 759, 655, 604, 799, 586, 694, 707, 592, 847, 602, 765, 813, 686, 747, 571, 695, 734, 557, 693, 607, 656, 510, 587, 806, 556, 718, 693, 560, 669, 657, 747, 746, 709, 688, 631, 705, 559, 638, 653, 746, 754, 682, 
29, 729, 712, 708, 629, 612, 570, 672, 661, 682, 666, 793, 766, 711, 608, 642, 561, 614, 565, 827, 654, 619, 702, 585, 621, 705, 605, 720, 676, 479, 755, 777, 612, 798, 642, 677, 815, 525, 598, 729, 657, 623, 625, 635, 832, 737, 644, 730, 749, 669, 566, 691, 691, 776, 664, 720, 658, 833, 729, 684, 666, 719, 840, 805, 756, 632, 665, 542, 809, 809, 566, 642, 765, 641, 619, 759, 655, 604, 799, 586, 694, 707, 592, 847, 602, 765, 813, 686, 747, 571, 695, 734, 557, 693, 607, 656, 510, 587, 806, 556, 718, 693, 560, 669, 657, 747, 746, 709, 688, 631, 705, 559, 638, 653, 746, 754, 682, 
30, 729, 712, 708, 629, 612, 570, 672, 661, 682, 666, 793, 766, 711, 608, 642, 561, 614, 565, 827, 654, 619, 702, 585, 621, 705, 605, 720, 676, 479, 755, 777, 612, 798, 642, 677, 815, 525, 598, 729, 657, 623, 625, 635, 832, 737, 644, 730, 749, 669, 566, 691, 691, 776, 664, 720, 658, 833, 729, 684, 666, 719, 840, 805, 756, 632, 665, 542, 809, 809, 566, 642, 765, 641, 619, 759, 655, 604, 799, 586, 694, 707, 592, 847, 602, 765, 813, 686, 747, 571, 695, 734, 557, 693, 607, 656, 510, 587, 806, 556, 718, 693, 560, 669, 657, 747, 746, 709, 688, 631, 705, 559, 638, 653, 746, 754, 682, 
31, 729, 712, 708, 629, 612, 570, 672, 661, 682, 666, 793, 766, 711, 608, 642, 561, 614, 565, 827, 654, 619, 702, 585, 621, 705, 605, 720, 676, 479, 755, 777, 612, 798, 642, 677, 815, 525, 598, 729, 657, 623, 625, 635, 832, 737, 644, 730, 749, 669, 566, 691, 691, 776, 664, 720, 658, 833, 729, 684, 666, 719, 840, 805, 756, 632, 665, 542, 809, 809, 566, 642, 765, 641, 619, 759, 655, 604, 799, 586, 694, 707, 592, 847, 602, 765, 813, 686, 747, 571, 695, 734, 557, 693, 607, 656, 510, 587, 806, 556, 718, 693, 560, 669, 657, 747, 746, 709, 688, 631, 705, 559, 638, 653, 746, 754, 682, 
32, 729, 712, 708, 629, 612, 570, 672, 661, 682, 666, 793, 766, 711, 608, 642, 561, 614, 565, 827, 654, 619, 702, 585, 621, 705, 605, 720, 676, 479, 755, 777, 612, 798, 642, 677, 815, 525, 598, 729, 657, 623, 625, 635, 832, 737, 644, 730, 749, 669, 566, 691, 691, 776, 664, 720, 658, 833, 729, 684, 666, 719, 840, 805, 756, 632, 665, 542, 809, 809, 566, 642, 765, 641, 619, 759, 655, 604, 799, 586, 694, 707, 592, 847, 602, 765, 813, 686, 747, 571, 695, 734, 557, 693, 607, 656, 510, 587, 806, 556, 718, 693, 560, 669, 657, 747, 746, 709, 688, 631, 705, 559, 638, 653, 746, 754, 682, 
33, 627, 491, 598, 511, 545, 603, 561, 530, 578, 503, 688, 593, 578, 577, 632, 630, 511, 508, 583, 563, 568, 578, 501, 569, 453, 605, 582, 575, 574, 697, 703, 479, 661, 536, 501, 593, 526, 542, 574, 510, 454, 549, 553, 670, 642, 675, 594, 652, 559, 538, 552, 647, 624, 541, 506, 499, 555, 605, 508, 542, 593, 572, 787, 724, 466, 593, 525, 698, 605, 568, 568, 545, 694, 525, 568, 566, 606, 759, 580, 573, 593, 478, 554, 539, 674, 618, 609, 489, 590, 571, 577, 498, 656, 598, 470, 532, 551, 576, 551, 608, 654, 480, 631, 569, 602, 663, 632, 584, 613, 533, 534, 614, 530, 569, 606, 603, 
34, 627, 491, 598, 511, 545, 603, 561, 530, 578, 503, 688, 593, 578, 577, 632, 630, 511, 508, 583, 563, 568, 578, 501, 569, 453, 605, 582, 575, 574, 697, 703, 479, 661, 536, 501, 593, 526, 542, 574, 510, 454, 549, 553, 670, 642, 675, 594, 652, 559, 538, 552, 647, 624, 541, 506, 499, 555, 605, 508, 542, 593, 572, 787, 724, 466, 593, 525, 698, 605, 568, 568, 545, 694, 525, 568, 566, 606, 759, 580, 573, 593, 478, 554, 539, 674, 618, 609, 489, 590, 571, 577, 498, 656, 598, 470, 532, 551, 576, 551, 608, 654, 480, 631, 569, 602, 663, 632, 584, 613, 533, 534, 614, 530, 569, 606, 603, 
35, 627, 491, 598, 511, 545, 603, 561, 530, 578, 503, 688, 593, 578, 577, 632, 630, 511, 508, 583, 563, 568, 578, 501, 569, 453, 605, 582, 575, 574, 697, 703, 479, 661, 536, 501, 593, 526, 542, 574, 510, 454, 549, 553, 670, 642, 675, 594, 652, 559, 538, 552, 647, 624, 541, 506, 499, 555, 605, 508, 542, 593, 572, 787, 724, 466, 593, 525, 698, 605, 568, 568, 545, 694, 525, 568, 566, 606, 759, 580, 573, 593, 478, 554, 539, 674, 618, 609, 489, 590, 571, 577, 498, 656, 598, 470, 532, 551, 576, 551, 608, 654, 480, 631, 569, 602, 663, 632, 584, 613, 533, 534, 614, 530, 569, 606, 603, 
36, 627, 491, 598, 511, 545, 603, 561, 530, 578, 503, 688, 593, 578, 577, 632, 630, 511, 508, 583, 563, 568, 578, 501, 569, 453, 605, 582, 575, 574, 697, 703, 479, 661, 536, 501, 593, 526, 542, 574, 510, 454, 549, 553, 670, 642, 675, 594, 652, 559, 538, 552, 647, 624, 541, 506, 499, 555, 605, 508, 542, 593, 572, 787, 724, 466, 593, 525, 698, 605, 568, 568, 545, 694, 525, 568, 566, 606, 759, 580, 573, 593, 478, 554, 539, 674, 618, 609, 489, 590, 571, 577, 498, 656, 598, 470, 532, 551, 576, 551, 608, 654, 480, 631, 569, 602, 663, 632, 584, 613, 533, 534, 614, 530, 569, 606, 603, 
37, 627, 491, 598, 511, 545, 603, 561, 530, 578, 503, 688, 593, 578, 577, 632, 630, 511, 508, 583, 563, 568, 578, 501, 569, 453, 605, 582, 575, 574, 697, 703, 479, 661, 536, 501, 593, 526, 542, 574, 510, 454, 549, 553, 670, 642, 675, 594, 652, 559, 538, 552, 647, 624, 541, 506, 499, 555, 605, 508, 542, 593, 572, 787, 724, 466, 593, 525, 698, 605, 568, 568, 545, 694, 525, 568, 566, 606, 759, 580, 573, 593, 478, 554, 539, 674, 618, 609, 489, 590, 571, 577, 498, 656, 598, 470, 532, 551, 576, 551, 608, 654, 480, 631, 569, 602, 663, 632, 584, 613, 533, 534, 614, 530, 569, 606, 603, 
38, 627, 491, 598, 511, 545, 603, 561, 530, 578, 503, 688, 593, 578, 577, 632, 630, 511, 508, 583, 563, 568, 578, 501, 569, 453, 605, 582, 575, 574, 697, 703, 479, 661, 536, 501, 593, 526, 542, 574, 510, 454, 549, 553, 670, 642, 675, 594, 652, 559, 538, 552, 647, 624, 541, 506, 499, 555, 605, 508, 542, 593, 572, 787, 724, 466, 593, 525, 698, 605, 568, 568, 545, 694, 525, 568, 566, 606, 759, 580, 573, 593, 478, 554, 539, 674, 618, 609, 489, 590, 571, 577, 498, 656, 598, 470, 532, 551, 576, 551, 608, 654, 480, 631, 569, 602, 663, 632, 584, 613, 533, 534, 614, 530, 569, 606, 603, 
39, 627, 491, 598, 511, 545, 603, 561, 530, 578, 503, 688, 593, 578, 577, 632, 630, 511, 508, 583, 563, 568, 578, 501, 569, 453, 605, 582, 575, 574, 697, 703, 479, 661, 536, 501, 593, 526, 542, 574, 510, 454, 549, 553, 670, 642, 675, 594, 652, 559, 538, 552, 647, 624, 541, 506, 499, 555, 605, 508, 542, 593, 572, 787, 724, 466, 593, 525, 698, 605, 568, 568, 545, 694, 525, 568, 566, 606, 759, 580, 573, 593, 478, 554, 539, 674, 618, 609, 489, 590, 571, 577, 498, 656, 598, 470, 532, 551, 576, 551, 608, 654, 480, 631, 569, 602, 663, 632, 584, 613, 533, 534, 614, 530, 569, 606, 603, 
40, 627, 491, 598, 511, 545, 603, 561, 530, 578, 503, 688, 593, 578, 577, 632, 630, 511, 508, 583, 563, 568, 578, 501, 569, 453, 605, 582, 575, 574, 697, 703, 479, 661, 536, 501, 593, 526, 542, 574, 510, 454, 549, 553, 670, 642, 675, 594, 652, 559, 538, 552, 647, 624, 541, 506, 499, 555, 605, 508, 542, 593, 572, 787, 724, 466, 593, 525, 698, 605, 568, 568, 545, 694, 525, 568, 566, 606, 759, 580, 573, 593, 478, 554, 539, 674, 618, 609, 489, 590, 571, 577, 498, 656, 598, 470, 532, 551, 576, 551, 608, 654, 480, 631, 569, 602, 663, 632, 584, 613, 533, 534, 614, 530, 569, 606, 603, 
41, 627, 491, 598, 511, 545, 603, 561, 530, 578, 503, 688, 593, 578, 577, 632, 630, 511, 508, 583, 563, 568, 578, 501, 569, 453, 605, 582, 575, 574, 697, 703, 479, 661, 536, 501, 593, 526, 542, 574, 510, 454, 549, 553, 670, 642, 675, 594, 652, 559, 538, 552, 647, 624, 541, 506, 499, 555, 605, 508, 542, 593, 572, 787, 724, 466, 593, 525, 698, 605, 568, 568, 545, 694, 525, 568, 566, 606, 759, 580, 573, 593, 478, 554, 539, 674, 618, 609, 489, 590, 571, 577, 498, 656, 598, 470, 532, 551, 576, 551, 608, 654, 480, 631, 569, 602, 663, 632, 584, 613, 533, 534, 614, 530, 569, 606, 603, 
42, 675, 529, 748, 591, 620, 557, 585, 517, 602, 652, 707, 664, 711, 648, 551, 588, 557, 544, 671, 595, 617, 698, 610, 645, 446, 621, 710, 681, 498, 666, 761, 620, 768, 603, 611, 685, 603, 594, 786, 523, 595, 592, 616, 724, 646, 708, 726, 740, 647, 579, 740, 711, 746, 625, 585, 651, 721, 746, 553, 589, 645, 747, 745, 699, 560, 670, 586, 756, 720, 624, 613, 646, 616, 596, 599, 641, 525, 805, 542, 630, 716, 536, 683, 536, 616, 687, 717, 562, 567, 555, 616, 529, 738, 555, 570, 559, 724, 601, 560, 652, 764, 487, 669, 533, 615, 727, 740, 631, 589, 708, 549, 610, 752, 528, 733, 715, 
43, 675, 529, 748, 591, 620, 557, 585, 517, 602, 652, 707, 664, 711, 648, 551, 588, 557, 544, 671, 595, 617, 698, 610, 645, 446, 621, 710, 681, 498, 666, 761, 620, 768, 603, 611, 685, 603, 594, 786, 523, 595, 592, 616, 724, 646, 708, 726, 740, 647, 579, 740, 711, 746, 625, 585, 651, 721, 746, 553, 589, 645, 747, 745, 699, 560, 670, 586, 756, 720, 624, 613, 646, 616, 596, 599, 641, 525, 805, 542, 630, 716, 536, 683, 536, 616, 687, 717, 562, 567, 555, 616, 529, 738, 555, 570, 559, 724, 601, 560, 652, 764, 487, 669, 533, 615, 727, 740, 631, 589, 708, 549, 610, 752, 528, 733, 715, 
44, 675, 529, 748, 591, 620, 557, 585, 517, 602, 652, 707, 664, 711, 648, 551, 588, 557, 544, 671, 595, 617, 698, 610, 645, 446, 621, 710, 681, 498, 666, 761, 620, 768, 603, 611, 685, 603, 594, 786, 523, 595, 592, 616, 724, 646, 708, 726, 740, 647, 579, 740, 711, 746, 625, 585, 651, 721, 746, 553, 589, 645, 747, 745, 699, 560, 670, 586, 756, 720, 624, 613, 646, 616, 596, 599, 641, 525, 805, 542, 630, 716, 536, 683, 536, 616, 687, 717, 562, 567, 555, 616, 529, 738, 555, 570, 559, 724, 601, 560, 652, 764, 487, 669, 533, 615, 727, 740, 631, 589, 708, 549, 610, 752, 528, 733, 715, 
45, 675, 529, 748, 591, 620, 557, 585, 517, 602, 652, 707, 664, 711, 648, 551, 588, 557, 544, 671, 595, 617, 698, 610, 645, 446, 621, 710, 681, 498, 666, 761, 620, 768, 603, 611, 685, 603, 594, 786, 523, 595, 592, 616, 724, 646, 708, 726, 740, 647, 579, 740, 711, 746, 625, 585, 651, 721, 746, 553, 589, 645, 747, 745, 699, 560, 670, 586, 756, 720, 624, 613, 646, 616, 596, 599, 641, 525, 805, 542, 630, 716, 536, 683, 536, 616, 687, 717, 562, 567, 555, 616, 529, 738, 555, 570, 559, 724, 601, 560, 652, 764, 487, 669, 533, 615, 727, 740, 631, 589, 708, 549, 610, 752, 528, 733, 715, 
46, 675, 529, 748, 591, 620, 557, 585, 517, 602, 652, 707, 664, 711, 648, 551, 588, 557, 544, 671, 595, 617, 698, 610, 645, 446, 621, 710, 681, 498, 666, 761, 620, 768, 603, 611, 685, 603, 594, 786, 523, 595, 592, 616, 724, 646, 708, 726, 740, 647, 579, 740, 711, 746, 625, 585, 651, 721, 746, 553, 589, 645, 747, 745, 699, 560, 670, 586, 756, 720, 624, 613, 646, 616, 596, 599, 641, 525, 805, 542, 630, 716, 536, 683, 536, 616, 687, 717, 562, 567, 555, 616, 529, 738, 555, 570, 559, 724, 601, 560, 652, 764, 487, 669, 533, 615, 727, 740, 631, 589, 708, 549, 610, 752, 528, 733, 715, 
47, 675, 529, 748, 591, 620, 557, 585, 517, 602, 652, 707, 664, 711, 648, 551, 588, 557, 544, 671, 595, 617, 698, 610, 645, 446, 621, 710, 681, 498, 666, 761, 620, 768, 603, 611, 685, 603, 594, 786, 523, 595, 592, 616, 724, 646, 708, 726, 740, 647, 579, 740, 711, 746, 625, 585, 651, 721, 746, 553, 589, 645, 747, 745, 699, 560, 670, 586, 756, 720, 624, 613, 646, 616, 596, 599, 641, 525, 805, 542, 630, 716, 536, 683, 536, 616, 687, 717, 562, 567, 555, 616, 529, 738, 555, 570, 559, 724, 601, 560, 652, 764, 487, 669, 533, 615, 727, 740, 631, 589, 708, 549, 610, 752, 528, 733, 715, 
48, 675, 529, 748, 591, 620, 557, 585, 517, 602, 652, 707, 664, 711, 648, 551, 588, 557, 544, 671, 595, 617, 698, 610, 645, 446, 621, 710, 681, 498, 666, 761, 620, 768, 603, 611, 685, 603, 594, 786, 523, 595, 592, 616, 724, 646, 708, 726, 740, 647, 579, 740, 711, 746, 625, 585, 651, 721, 746, 553, 589, 645, 747, 745, 699, 560, 670, 586, 756, 720, 624, 613, 646, 616, 596, 599, 641, 525, 805, 542, 630, 716, 536, 683, 536, 616, 687, 717, 562, 567, 555, 616, 529, 738, 555, 570, 559, 724, 601, 560, 652, 764, 487, 669, 533, 615, 727, 740, 631, 589, 708, 549, 610, 752, 528, 733, 715, 
49, 675, 529, 748, 591, 620, 557, 585, 517, 602, 652, 707, 664, 711, 648, 551, 588, 557, 544, 671, 595, 617, 698, 610, 645, 446, 621, 710, 681, 498, 666, 761, 620, 768, 603, 611, 685, 603, 594, 786, 523, 595, 592, 616, 724, 646, 708, 726, 740, 647, 579, 740, 711, 746, 625, 585, 651, 721, 746, 553, 589, 645, 747, 745, 699, 560, 670, 586, 756, 720, 624, 613, 646, 616, 596, 599, 641, 525, 805, 542, 630, 716, 536, 683, 536, 616, 687, 717, 562, 567, 555, 616, 529, 738, 555, 570, 559, 724, 601, 560, 652, 764, 487, 669, 533, 615, 727, 740, 631, 589, 708, 549, 610, 752, 528, 733, 715, 
50, 675, 529, 748, 591, 620, 557, 585, 517, 602, 652, 707, 664, 711, 648, 551, 588, 557, 544, 671, 595, 617, 698, 610, 645, 446, 621, 710, 681, 498, 666, 761, 620, 768, 603, 611, 685, 603, 594, 786, 523, 595, 592, 616, 724, 646, 708, 726, 740, 647, 579, 740, 711, 746, 625, 585, 651, 721, 746, 553, 589, 645, 747, 745, 699, 560, 670, 586, 756, 720, 624, 613, 646, 616, 596, 599, 641, 525, 805, 542, 630, 716, 536, 683, 536, 616, 687, 717, 562, 567, 555, 616, 529, 738, 555, 570, 559, 724, 601, 560, 652, 764, 487, 669, 533, 615, 727, 740, 631, 589, 708, 549, 610, 752, 528, 733, 715, 
51, 733, 679, 661, 514, 566, 520, 627, 566, 629, 575, 674, 654, 667, 718, 551, 544, 647, 557, 644, 620, 638, 649, 580, 606, 579, 676, 678, 631, 516, 746, 711, 642, 667, 622, 577, 635, 642, 669, 725, 568, 596, 590, 628, 669, 682, 718, 648, 717, 662, 555, 673, 675, 699, 598, 643, 589, 637, 667, 616, 533, 750, 634, 789, 747, 554, 614, 656, 675, 716, 485, 619, 662, 604, 511, 634, 693, 553, 796, 617, 585, 672, 576, 670, 540, 650, 717, 759, 613, 614, 611, 610, 567, 727, 553, 635, 609, 734, 655, 535, 670, 724, 526, 668, 569, 666, 697, 705, 566, 549, 763, 478, 661, 616, 584, 610, 753, 
52, 733, 679, 661, 514, 566, 520, 627, 566, 629, 575, 674, 654, 667, 718, 551, 544, 647, 557, 644, 620, 638, 649, 580, 606, 579, 676, 678, 631, 516, 746, 711, 642, 667, 622, 577, 635, 642, 669, 725, 568, 596, 590, 628, 669, 682, 718, 648, 717, 662, 555, 673, 675, 699, 598, 643, 589, 637, 667, 616, 533, 750, 634, 789, 747, 554, 614, 656, 675, 716, 485, 619, 662, 604, 511, 634, 693, 553, 796, 617, 585, 672, 576, 670, 540, 650, 717, 759, 613, 614, 611, 610, 567, 727, 553, 635, 609, 734, 655, 535, 670, 724, 526, 668, 569, 666, 697, 705, 566, 549, 763, 478, 661, 616, 584, 610, 753, 
53, 733, 679, 661, 514, 566, 520, 627, 566, 629, 575, 674, 654, 667, 718, 551, 544, 647, 557, 644, 620, 638, 649, 580, 606, 579, 676, 678, 631, 516, 746, 711, 642, 667, 622, 577, 635, 642, 669, 725, 568, 596, 590, 628, 669, 682, 718, 648, 717, 662, 555, 673, 675, 699, 598, 643, 589, 637, 667, 616, 533, 750, 634, 789, 747, 554, 614, 656, 675, 716, 485, 619, 662, 604, 511, 634, 693, 553, 796, 617, 585, 672, 576, 670, 540, 650, 717, 759, 613, 614, 611, 610, 567, 727, 553, 635, 609, 734, 655, 535, 670, 724, 526, 668, 569, 666, 697, 705, 566, 549, 763, 478, 661, 616, 584, 610, 753, 
54, 733, 679, 661, 514, 566, 520, 627, 566, 629, 575, 674, 654, 667, 718, 551, 544, 647, 557, 644, 620, 638, 649, 580, 606, 579, 676, 678, 631, 516, 746, 711, 642, 667, 622, 577, 635, 642, 669, 725, 568, 596, 590, 628, 669, 682, 718, 648, 717, 662, 555, 673, 675, 699, 598, 643, 589, 637, 667, 616, 533, 750, 634, 789, 747, 554, 614, 656, 675, 716, 485, 619, 662, 604, 511, 634, 693, 553, 796, 617, 585, 672, 576, 670, 540, 650, 717, 759, 613, 614, 611, 610, 567, 727, 553, 635, 609, 734, 655, 535, 670, 724, 526, 668, 569, 666, 697, 705, 566, 549, 763, 478, 661, 616, 584, 610, 753, 
55, 733, 679, 661, 514, 566, 520, 627, 566, 629, 575, 674, 654, 667, 718, 551, 544, 647, 557, 644, 620, 638, 649, 580, 606, 579, 676, 678, 631, 516, 746, 711, 642, 667, 622, 577, 635, 642, 669, 725, 568, 596, 590, 628, 669, 682, 718, 648, 717, 662, 555, 673, 675, 699, 598, 643, 589, 637, 667, 616, 533, 750, 634, 789, 747, 554, 614, 656, 675, 716, 485, 619, 662, 604, 511, 634, 693, 553, 796, 617, 585, 672, 576, 670, 540, 650, 717, 759, 613, 614, 611, 610, 567, 727, 553, 635, 609, 734, 655, 535, 670, 724, 526, 668, 569, 666, 697, 705, 566, 549, 763, 478, 661, 616, 584, 610, 753, 
56, 733, 679, 661, 514, 566, 520, 627, 566, 629, 575, 674, 654, 667, 718, 551, 544, 647, 557, 644, 620, 638, 649, 580, 606, 579, 676, 678, 631, 516, 746, 711, 642, 667, 622, 577, 635, 642, 669, 725, 568, 596, 590, 628, 669, 682, 718, 648, 717, 662, 555, 673, 675, 699, 598, 643, 589, 637, 667, 616, 533, 750, 634, 789, 747, 554, 614, 656, 675, 716, 485, 619, 662, 604, 511, 634, 693, 553, 796, 617, 585, 672, 576, 670, 540, 650, 717, 759, 613, 614, 611, 610, 567, 727, 553, 635, 609, 734, 655, 535, 670, 724, 526, 668, 569, 666, 697, 705, 566, 549, 763, 478, 661, 616, 584, 610, 753, 
57, 733, 679, 661, 514, 566, 520, 627, 566, 629, 575, 674, 654, 667, 718, 551, 544, 647, 557, 644, 620, 638, 649, 580, 606, 579, 676, 678, 631, 516, 746, 711, 642, 667, 622, 577, 635, 642, 669, 725, 568, 596, 590, 628, 669, 682, 718, 648, 717, 662, 555, 673, 675, 699, 598, 643, 589, 637, 667, 616, 533, 750, 634, 789, 747, 554, 614, 656, 675, 716, 485, 619, 662, 604, 511, 634, 693, 553, 796, 617, 585, 672, 576, 670, 540, 650, 717, 759, 613, 614, 611, 610, 567, 727, 553, 635, 609, 734, 655, 535, 670, 724, 526, 668, 569, 666, 697, 705, 566, 549, 763, 478, 661, 616, 584, 610, 753, 
58, 733, 679, 661, 514, 566, 520, 627, 566, 629, 575, 674, 654, 667, 718, 551, 544, 647, 557, 644, 620, 638, 649, 580, 606, 579, 676, 678, 631, 516, 746, 711, 642, 667, 622, 577, 635, 642, 669, 725, 568, 596, 590, 628, 669, 682, 718, 648, 717, 662, 555, 673, 675, 699, 598, 643, 589, 637, 667, 616, 533, 750, 634, 789, 747, 554, 614, 656, 675, 716, 485, 619, 662, 604, 511, 634, 693, 553, 796, 617, 585, 672, 576, 670, 540, 650, 717, 759, 613, 614, 611, 610, 567, 727, 553, 635, 609, 734, 655, 535, 670, 724, 526, 668, 569, 666, 697, 705, 566, 549, 763, 478, 661, 616, 584, 610, 753, 
59, 733, 679, 661, 514, 566, 520, 627, 566, 629, 575, 674, 654, 667, 718, 551, 544, 647, 557, 644, 620, 638, 649, 580, 606, 579, 676, 678, 631, 516, 746, 711, 642, 667, 622, 577, 635, 642, 669, 725, 568, 596, 590, 628, 669, 682, 718, 648, 717, 662, 555, 673, 675, 699, 598, 643, 589, 637, 667, 616, 533, 750, 634, 789, 747, 554, 614, 656, 675, 716, 485, 619, 662, 604, 511, 634, 693, 553, 796, 617, 585, 672, 576, 670, 540, 650, 717, 759, 613, 614, 611, 610, 567, 727, 553, 635, 609, 734, 655, 535, 670, 724, 526, 668, 569, 666, 697, 705, 566, 549, 763, 478, 661, 616, 584, 610, 753, 
60, 627, 578, 631, 619, 624, 560, 677, 575, 673, 546, 695, 644, 686, 646, 604, 569, 581, 567, 729, 626, 604, 660, 594, 617, 477, 639, 549, 630, 586, 685, 761, 634, 722, 494, 571, 718, 650, 608, 638, 579, 533, 581, 560, 721, 660, 650, 653, 752, 624, 549, 578, 668, 616, 556, 642, 595, 691, 650, 563, 536, 674, 654, 787, 692, 560, 614, 604, 766, 780, 570, 569, 674, 676, 593, 621, 662, 607, 782, 517, 658, 736, 551, 682, 665, 577, 679, 692, 569, 521, 619, 598, 567, 703, 560, 625, 478, 641, 661, 569, 660, 711, 553, 695, 553, 584, 677, 687, 622, 611, 678, 576, 607, 653, 602, 578, 594, 
61, 627, 578, 631, 619, 624, 560, 677, 575, 673, 546, 695, 644, 686, 646, 604, 569, 581, 567, 729, 626, 604, 660, 594, 617, 477, 639, 549, 630, 586, 685, 761, 634, 722, 494, 571, 718, 650, 608, 638, 579, 533, 581, 560, 721, 660, 650, 653, 752, 624, 549, 578, 668, 616, 556, 642, 595, 691, 650, 563, 536, 674, 654, 787, 692, 560, 614, 604, 766, 780, 570, 569, 674, 676, 593, 621, 662, 607, 782, 517, 658, 736, 551, 682, 665, 577, 679, 692, 569, 521, 619, 598, 567, 703, 560, 625, 478, 641, 661, 569, 660, 711, 553, 695, 553, 584, 677, 687, 622, 611, 678, 576, 607, 653, 602, 578, 594, 
62, 627, 578, 631, 619, 624, 560, 677, 575, 673, 546, 695, 644, 686, 646, 604, 569, 581, 567, 729, 626, 604, 660, 594, 617, 477, 639, 549, 630, 586, 685, 761, 634, 722, 494, 571, 718, 650, 608, 638, 579, 533, 581, 560, 721, 660, 650, 653, 752, 624, 549, 578, 668, 616, 556, 642, 595, 691, 650, 563, 536, 674, 654, 787, 692, 560, 614, 604, 766, 780, 570, 569, 674, 676, 593, 621, 662, 607, 782, 517, 658, 736, 551, 682, 665, 577, 679, 692, 569, 521, 619, 598, 567, 703, 560, 625, 478, 641, 661, 569, 660, 711, 553, 695, 553, 584, 677, 687, 622, 611, 678, 576, 607, 653, 602, 578, 594, 
63, 627, 578, 631, 619, 624, 560, 677, 575, 673, 546, 695, 644, 686, 646, 604, 569, 581, 567, 729, 626, 604, 660, 594, 617, 477, 639, 549, 630, 586, 685, 761, 634, 722, 494, 571, 718, 650, 608, 638, 579, 533, 581, 560, 721, 660, 650, 653, 752, 624, 549, 578, 668, 616, 556, 642, 595, 691, 650, 563, 536, 674, 654, 787, 692, 560, 614, 604, 766, 780, 570, 569, 674, 676, 593, 621, 662, 607, 782, 517, 658, 736, 551, 682, 665, 577, 679, 692, 569, 521, 619, 598, 567, 703, 560, 625, 478, 641, 661, 569, 660, 711, 553, 695, 553, 584, 677, 687, 622, 611, 678, 576, 607, 653, 602, 578, 594, 
64, 627, 578, 631, 619, 624, 560, 677, 575, 673, 546, 695, 644, 686, 646, 604, 569, 581, 567, 729, 626, 604, 660, 594, 617, 477, 639, 549, 630, 586, 685, 761, 634, 722, 494, 571, 718, 650, 608, 638, 579, 533, 581, 560, 721, 660, 650, 653, 752, 624, 549, 578, 668, 616, 556, 642, 595, 691, 650, 563, 536, 674, 654, 787, 692, 560, 614, 604, 766, 780, 570, 569, 674, 676, 593, 621, 662, 607, 782, 517, 658, 736, 551, 682, 665, 577, 679, 692, 569, 521, 619, 598, 567, 703, 560, 625, 478, 641, 661, 569, 660, 711, 553, 695, 553, 584, 677, 687, 622, 611, 678, 576, 607, 653, 602, 578, 594, 
65, 627, 578, 631, 619, 624, 560, 677, 575, 673, 546, 695, 644, 686, 646, 604, 569, 581, 567, 729, 626, 604, 660, 594, 617, 477, 639, 549, 630, 586, 685, 761, 634, 722, 494, 571, 718, 650, 608, 638, 579, 533, 581, 560, 721, 660, 650, 653, 752, 624, 549, 578, 668, 616, 556, 642, 595, 691, 650, 563, 536, 674, 654, 787, 692, 560, 614, 604, 766, 780, 570, 569, 674, 676, 593, 621, 662, 607, 782, 517, 658, 736, 551, 682, 665, 577, 679, 692, 569, 521, 619, 598, 567, 703, 560, 625, 478, 641, 661, 569, 660, 711, 553, 695, 553, 584, 677, 687, 622, 611, 678, 576, 607, 653, 602, 578, 594, 
66, 627, 578, 631, 619, 624, 560, 677, 575, 673, 546, 695, 644, 686, 646, 604, 569, 581, 567, 729, 626, 604, 660, 594, 617, 477, 639, 549, 630, 586, 685, 761, 634, 722, 494, 571, 718, 650, 608, 638, 579, 533, 581, 560, 721, 660, 650, 653, 752, 624, 549, 578, 668, 616, 556, 642, 595, 691, 650, 563, 536, 674, 654, 787, 692, 560, 614, 604, 766, 780, 570, 569, 674, 676, 593, 621, 662, 607, 782, 517, 658, 736, 551, 682, 665, 577, 679, 692, 569, 521, 619, 598, 567, 703, 560, 625, 478, 641, 661, 569, 660, 711, 553, 695, 553, 584, 677, 687, 622, 611, 678, 576, 607, 653, 602, 578, 594, 
67, 627, 578, 631, 619, 624, 560, 677, 575, 673, 546, 695, 644, 686, 646, 604, 569, 581, 567, 729, 626, 604, 660, 594, 617, 477, 639, 549, 630, 586, 685, 761, 634, 722, 494, 571, 718, 650, 608, 638, 579, 533, 581, 560, 721, 660, 650, 653, 752, 624, 549, 578, 668, 616, 556, 642, 595, 691, 650, 563, 536, 674, 654, 787, 692, 560, 614, 604, 766, 780, 570, 569, 674, 676, 593, 621, 662, 607, 782, 517, 658, 736, 551, 682, 665, 577, 679, 692, 569, 521, 619, 598, 567, 703, 560, 625, 478, 641, 661, 569, 660, 711, 553, 695, 553, 584, 677, 687, 622, 611, 678, 576, 607, 653, 602, 578, 594, 
68, 627, 578, 631, 619, 624, 560, 677, 575, 673, 546, 695, 644, 686, 646, 604, 569, 581, 567, 729, 626, 604, 660, 594, 617, 477, 639, 549, 630, 586, 685, 761, 634, 722, 494, 571, 718, 650, 608, 638, 579, 533, 581, 560, 721, 660, 650, 653, 752, 624, 549, 578, 668, 616, 556, 642, 595, 691, 650, 563, 536, 674, 654, 787, 692, 560, 614, 604, 766, 780, 570, 569, 674, 676, 593, 621, 662, 607, 782, 517, 658, 736, 551, 682, 665, 577, 679, 692, 569, 521, 619, 598, 567, 703, 560, 625, 478, 641, 661, 569, 660, 711, 553, 695, 553, 584, 677, 687, 622, 611, 678, 576, 607, 653, 602, 578, 594, 
69, 627, 578, 631, 619, 624, 560, 677, 575, 673, 546, 695, 644, 686, 646, 604, 569, 581, 567, 729, 626, 604, 660, 594, 617, 477, 639, 549, 630, 586, 685, 761, 634, 722, 494, 571, 718, 650, 608, 638, 579, 533, 581, 560, 721, 660, 650, 653, 752, 624, 549, 578, 668, 616, 556, 642, 595, 691, 650, 563, 536, 674, 654, 787, 692, 560, 614, 604, 766, 780, 570, 569, 674, 676, 593, 621, 662, 607, 782, 517, 658, 736, 551, 682, 665, 577, 679, 692, 569, 521, 619, 598, 567, 703, 560, 625, 478, 641, 661, 569, 660, 711, 553, 695, 553, 584, 677, 687, 622, 611, 678, 576, 607, 653, 602, 578, 594, 
70, 657, 679, 694, 642, 630, 585, 787, 610, 627, 680, 772, 734, 669, 694, 599, 592, 635, 575, 805, 615, 677, 697, 631, 680, 601, 653, 701, 648, 572, 810, 727, 638, 664, 627, 563, 667, 639, 641, 808, 645, 560, 707, 627, 736, 647, 666, 674, 746, 589, 578, 728, 679, 702, 658, 574, 559, 747, 716, 589, 619, 764, 754, 797, 783, 648, 688, 715, 759, 716, 617, 629, 678, 726, 642, 632, 656, 606, 778, 629, 667, 715, 625, 691, 604, 746, 801, 717, 571, 600, 642, 669, 533, 753, 602, 674, 655, 560, 656, 626, 668, 766, 687, 701, 664, 755, 745, 744, 594, 650, 695, 579, 610, 689, 608, 668, 714, 
71, 657, 679, 694, 642, 630, 585, 787, 610, 627, 680, 772, 734, 669, 694, 599, 592, 635, 575, 805, 615, 677, 697, 631, 680, 601, 653, 701, 648, 572, 810, 727, 638, 664, 627, 563, 667, 639, 641, 808, 645, 560, 707, 627, 736, 647, 666, 674, 746, 589, 578, 728, 679, 702, 658, 574, 559, 747, 716, 589, 619, 764, 754, 797, 783, 648, 688, 715, 759, 716, 617, 629, 678, 726, 642, 632, 656, 606, 778, 629, 667, 715, 625, 691, 604, 746, 801, 717, 571, 600, 642, 669, 533, 753, 602, 674, 655, 560, 656, 626, 668, 766, 687, 701, 664, 755, 745, 744, 594, 650, 695, 579, 610, 689, 608, 668, 714, 
72, 657, 679, 694, 642, 630, 585, 787, 610, 627, 680, 772, 734, 669, 694, 599, 592, 635, 575, 805, 615, 677, 697, 631, 680, 601, 653, 701, 648, 572, 810, 727, 638, 664, 627, 563, 667, 639, 641, 808, 645, 560, 707, 627, 736, 647, 666, 674, 746, 589, 578, 728, 679, 702, 658, 574, 559, 747, 716, 589, 619, 764, 754, 797, 783, 648, 688, 715, 759, 716, 617, 629, 678, 726, 642, 632, 656, 606, 778, 629, 667, 715, 625, 691, 604, 746, 801, 717, 571, 600, 642, 669, 533, 753, 602, 674, 655, 560, 656, 626, 668, 766, 687, 701, 664, 755, 745, 744, 594, 650, 695, 579, 610, 689, 608, 668, 714, 
73, 657, 679, 694, 642, 630, 585, 787, 610, 627, 680, 772, 734, 669, 694, 599, 592, 635, 575, 805, 615, 677, 697, 631, 680, 601, 653, 701, 648, 572, 810, 727, 638, 664, 627, 563, 667, 639, 641, 808, 645, 560, 707, 627, 736, 647, 666, 674, 746, 589, 578, 728, 679, 702, 658, 574, 559, 747, 716, 589, 619, 764, 754, 797, 783, 648, 688, 715, 759, 716, 617, 629, 678, 726, 642, 632, 656, 606, 778, 629, 667, 715, 625, 691, 604, 746, 801, 717, 571, 600, 642, 669, 533, 753, 602, 674, 655, 560, 656, 626, 668, 766, 687, 701, 664, 755, 745, 744, 594, 650, 695, 579, 610, 689, 608, 668, 714, 
74, 657, 679, 694, 642, 630, 585, 787, 610, 627, 680, 772, 734, 669, 694, 599, 592, 635, 575, 805, 615, 677, 697, 631, 680, 601, 653, 701, 648, 572, 810, 727, 638, 664, 627, 563, 667, 639, 641, 808, 645, 560, 707, 627, 736, 647, 666, 674, 746, 589, 578, 728, 679, 702, 658, 574, 559, 747, 716, 589, 619, 764, 754, 797, 783, 648, 688, 715, 759, 716, 617, 629, 678, 726, 642, 632, 656, 606, 778, 629, 667, 715, 625, 691, 604, 746, 801, 717, 571, 600, 642, 669, 533, 753, 602, 674, 655, 560, 656, 626, 668, 766, 687, 701, 664, 755, 745, 744, 594, 650, 695, 579, 610, 689, 608, 668, 714, 
75, 657, 679, 694, 642, 630, 585, 787, 610, 627, 680, 772, 734, 669, 694, 599, 592, 635, 575, 805, 615, 677, 697, 631, 680, 601, 653, 701, 648, 572, 810, 727, 638, 664, 627, 563, 667, 639, 641, 808, 645, 560, 707, 627, 736, 647, 666, 674, 746, 589, 578, 728, 679, 702, 658, 574, 559, 747, 716, 589, 619, 764, 754, 797, 783, 648, 688, 715, 759, 716, 617, 629, 678, 726, 642, 632, 656, 606, 778, 629, 667, 715, 625, 691, 604, 746, 801, 717, 571, 600, 642, 669, 533, 753, 602, 674, 655, 560, 656, 626, 668, 766, 687, 701, 664, 755, 745, 744, 594, 650, 695, 579, 610, 689, 608, 668, 714, 
76, 657, 679, 694, 642, 630, 585, 787, 610, 627, 680, 772, 734, 669, 694, 599, 592, 635, 575, 805, 615, 677, 697, 631, 680, 601, 653, 701, 648, 572, 810, 727, 638, 664, 627, 563, 667, 639, 641, 808, 645, 560, 707, 627, 736, 647, 666, 674, 746, 589, 578, 728, 679, 702, 658, 574, 559, 747, 716, 589, 619, 764, 754, 797, 783, 648, 688, 715, 759, 716, 617, 629, 678, 726, 642, 632, 656, 606, 778, 629, 667, 715, 625, 691, 604, 746, 801, 717, 571, 600, 642, 669, 533, 753, 602, 674, 655, 560, 656, 626, 668, 766, 687, 701, 664, 755, 745, 744, 594, 650, 695, 579, 610, 689, 608, 668, 714, 
77, 657, 679, 694, 642, 630, 585, 787, 610, 627, 680, 772, 734, 669, 694, 599, 592, 635, 575, 805, 615, 677, 697, 631, 680, 601, 653, 701, 648, 572, 810, 727, 638, 664, 627, 563, 667, 639, 641, 808, 645, 560, 707, 627, 736, 647, 666, 674, 746, 589, 578, 728, 679, 702, 658, 574, 559, 747, 716, 589, 619, 764, 754, 797, 783, 648, 688, 715, 759, 716, 617, 629, 678, 726, 642, 632, 656, 606, 778, 629, 667, 715, 625, 691, 604, 746, 801, 717, 571, 600, 642, 669, 533, 753, 602, 674, 655, 560, 656, 626, 668, 766, 687, 701, 664, 755, 745, 744, 594, 650, 695, 579, 610, 689, 608, 668, 714, 
78, 642, 588, 652, 609, 624, 599, 689, 574, 656, 592, 725, 600, 592, 589, 487, 521, 601, 566, 635, 585, 640, 593, 621, 615, 584, 668, 709, 671, 599, 683, 679, 593, 690, 589, 533, 617, 625, 633, 714, 521, 561, 636, 521, 739, 682, 610, 629, 711, 656, 531, 646, 700, 703, 568, 609, 619, 693, 678, 565, 572, 666, 662, 764, 653, 609, 628, 589, 769, 701, 554, 555, 688, 645, 589, 658, 639, 556, 731, 651, 636, 673, 575, 605, 563, 677, 670, 763, 600, 553, 591, 686, 508, 700, 581, 579, 552, 663, 683, 602, 649, 707, 575, 682, 562, 677, 744, 664, 621, 664, 660, 570, 639, 669, 613, 719, 614, 
79, 642, 588, 652, 609, 624, 599, 689, 574, 656, 592, 725, 600, 592, 589, 487, 521, 601, 566, 635, 585, 640, 593, 621, 615, 584, 668, 709, 671, 599, 683, 679, 593, 690, 589, 533, 617, 625, 633, 714, 521, 561, 636, 521, 739, 682, 610, 629, 711, 656, 531, 646, 700, 703, 568, 609, 619, 693, 678, 565, 572, 666, 662, 764, 653, 609, 628, 589, 769, 701, 554, 555, 688, 645, 589, 658, 639, 556, 731, 651, 636, 673, 575, 605, 563, 677, 670, 763, 600, 553, 591, 686, 508, 700, 581, 579, 552, 663, 683, 602, 649, 707, 575, 682, 562, 677, 744, 664, 621, 664, 660, 570, 639, 669, 613, 719, 614, 
80, 642, 588, 652, 609, 624, 599, 689, 574, 656, 592, 725, 600, 592, 589, 487, 521, 601, 566, 635, 585, 640, 593, 621, 615, 584, 668, 709, 671, 599, 683, 679, 593, 690, 589, 533, 617, 625, 633, 714, 521, 561, 636, 521, 739, 682, 610, 629, 711, 656, 531, 646, 700, 703, 568, 609, 619, 693, 678, 565, 572, 666, 662, 764, 653, 609, 628, 589, 769, 701, 554, 555, 688, 645, 589, 658, 639, 556, 731, 651, 636, 673, 575, 605, 563, 677, 670, 763, 600, 553, 591, 686, 508, 700, 581, 579, 552, 663, 683, 602, 649, 707, 575, 682, 562, 677, 744, 664, 621, 664, 660, 570, 639, 669, 613, 719, 614, 
81, 642, 588, 652, 609, 624, 599, 689, 574, 656, 592, 725, 600, 592, 589, 487, 521, 601, 566, 635, 585, 640, 593, 621, 615, 584, 668, 709, 671, 599, 683, 679, 593, 690, 589, 533, 617, 625, 633, 714, 521, 561, 636, 521, 739, 682, 610, 629, 711, 656, 531, 646, 700, 703, 568, 609, 619, 693, 678, 565, 572, 666, 662, 764, 653, 609, 628, 589, 769, 701, 554, 555, 688, 645, 589, 658, 639, 556, 731, 651, 636, 673, 575, 605, 563, 677, 670, 763, 600, 553, 591, 686, 508, 700, 581, 579, 552, 663, 683, 602, 649, 707, 575, 682, 562, 677, 744, 664, 621, 664, 660, 570, 639, 669, 613, 719, 614, 
82, 642, 588, 652, 609, 624, 599, 689, 574, 656, 592, 725, 600, 592, 589, 487, 521, 601, 566, 635, 585, 640, 593, 621, 615, 584, 668, 709, 671, 599, 683, 679, 593, 690, 589, 533, 617, 625, 633, 714, 521, 561, 636, 521, 739, 682, 610, 629, 711, 656, 531, 646, 700, 703, 568, 609, 619, 693, 678, 565, 572, 666, 662, 764, 653, 609, 628, 589, 769, 701, 554, 555, 688, 645, 589, 658, 639, 556, 731, 651, 636, 673, 575, 605, 563, 677, 670, 763, 600, 553, 591, 686, 508, 700, 581, 579, 552, 663, 683, 602, 649, 707, 575, 682, 562, 677, 744, 664, 621, 664, 660, 570, 639, 669, 613, 719, 614, 
83, 642, 588, 652, 609, 624, 599, 689, 574, 656, 592, 725, 600, 592, 589, 487, 521, 601, 566, 635, 585, 640, 593, 621, 615, 584, 668, 709, 671, 599, 683, 679, 593, 690, 589, 533, 617, 625, 633, 714, 521, 561, 636, 521, 739, 682, 610, 629, 711, 656, 531, 646, 700, 703, 568, 609, 619, 693, 678, 565, 572, 666, 662, 764, 653, 609, 628, 589, 769, 701, 554, 555, 688, 645, 589, 658, 639, 556, 731, 651, 636, 673, 575, 605, 563, 677, 670, 763, 600, 553, 591, 686, 508, 700, 581, 579, 552, 663, 683, 602, 649, 707, 575, 682, 562, 677, 744, 664, 621, 664, 660, 570, 639, 669, 613, 719, 614, 
84, 642, 588, 652, 609, 624, 599, 689, 574, 656, 592, 725, 600, 592, 589, 487, 521, 601, 566, 635, 585, 640, 593, 621, 615, 584, 668, 709, 671, 599, 683, 679, 593, 690, 589, 533, 617, 625, 633, 714, 521, 561, 636, 521, 739, 682, 610, 629, 711, 656, 531, 646, 700, 703, 568, 609, 619, 693, 678, 565, 572, 666, 662, 764, 653, 609, 628, 589, 769, 701, 554, 555, 688, 645, 589, 658, 639, 556, 731, 651, 636, 673, 575, 605, 563, 677, 670, 763, 600, 553, 591, 686, 508, 700, 581, 579, 552, 663, 683, 602, 649, 707, 575, 682, 562, 677, 744, 664, 621, 664, 660, 570, 639, 669, 613, 719, 614, 
85, 642, 588, 652, 609, 624, 599, 689, 574, 656, 592, 725, 600, 592, 589, 487, 521, 601, 566, 635, 585, 640, 593, 621, 615, 584, 668, 709, 671, 599, 683, 679, 593, 690, 589, 533, 617, 625, 633, 714, 521, 561, 636, 521, 739, 682, 610, 629, 711, 656, 531, 646, 700, 703, 568, 609, 619, 693, 678, 565, 572, 666, 662, 764, 653, 609, 628, 589, 769, 701, 554, 555, 688, 645, 589, 658, 639, 556, 731, 651, 636, 673, 575, 605, 563, 677, 670, 763, 600, 553, 591, 686, 508, 700, 581, 579, 552, 663, 683, 602, 649, 707, 575, 682, 562, 677, 744, 664, 621, 664, 660, 570, 639, 669, 613, 719, 614, 
86, 642, 588, 652, 609, 624, 599, 689, 574, 656, 592, 725, 600, 592, 589, 487, 521, 601, 566, 635, 585, 640, 593, 621, 615, 584, 668, 709, 671, 599, 683, 679, 593, 690, 589, 533, 617, 625, 633, 714, 521, 561, 636, 521, 739, 682, 610, 629, 711, 656, 531, 646, 700, 703, 568, 609, 619, 693, 678, 565, 572, 666, 662, 764, 653, 609, 628, 589, 769, 701, 554, 555, 688, 645, 589, 658, 639, 556, 731, 651, 636, 673, 575, 605, 563, 677, 670, 763, 600, 553, 591, 686, 508, 700, 581, 579, 552, 663, 683, 602, 649, 707, 575, 682, 562, 677, 744, 664, 621, 664, 660, 570, 639, 669, 613, 719, 614, 
87, 609, 608, 698, 513, 573, 565, 637, 598, 627, 624, 657, 515, 631, 595, 573, 632, 625, 640, 766, 478, 633, 637, 616, 638, 496, 677, 742, 692, 593, 406, 738, 505, 358, 496, 591, 624, 620, 609, 678, 582, 632, 647, 379, 700, 726, 657, 666, 722, 314, 612, 731, 657, 774, 419, 484, 560, 766, 705, 638, 409, 703, 603, 743, 701, 575, 293, 674, 612, 748, 646, 542, 608, 707, 502, 713, 697, 607, 485, 651, 595, 676, 475, 647, 639, 629, 576, 649, 551, 601, 411, 682, 554, 725, 568, 631, 628, 559, 697, 224, 670, 736, 611, 696, 530, 511, 664, 818, 629, 673, 707, 562, 694, 646, 578, 453, 719, 
88, 609, 608, 698, 513, 573, 565, 637, 598, 627, 624, 657, 515, 631, 595, 573, 632, 625, 640, 766, 478, 633, 637, 616, 638, 496, 677, 742, 692, 593, 406, 738, 505, 358, 496, 591, 624, 620, 609, 678, 582, 632, 647, 379, 700, 726, 657, 666, 722, 314, 612, 731, 657, 774, 419, 484, 560, 766, 705, 638, 409, 703, 603, 743, 701, 575, 293, 674, 612, 748, 646, 542, 608, 707, 502, 713, 697, 607, 485, 651, 595, 676, 475, 647, 639, 629, 576, 649, 551, 601, 411, 682, 554, 725, 568, 631, 628, 559, 697, 224, 670, 736, 611, 696, 530, 511, 664, 818, 629, 673, 707, 562, 694, 646, 578, 453, 719, 
89, 609, 608, 698, 513, 573, 565, 637, 598, 627, 624, 657, 515, 631, 595, 573, 632, 625, 640, 766, 478, 633, 637, 616, 638, 496, 677, 742, 692, 593, 406, 738, 505, 358, 496, 591, 624, 620, 609, 678, 582, 632, 647, 379, 700, 726, 657, 666, 722, 314, 612, 731, 657, 774, 419, 484, 560, 766, 705, 638, 409, 703, 603, 743, 701, 575, 293, 674, 612, 748, 646, 542, 608, 707, 502, 713, 697, 607, 485, 651, 595, 676, 475, 647, 639, 629, 576, 649, 551, 601, 411, 682, 554, 725, 568, 631, 628, 559, 697, 224, 670, 736, 611, 696, 530, 511, 664, 818, 629, 673, 707, 562, 694, 646, 578, 453, 719, 
90, 609, 608, 698, 513, 573, 565, 637, 598, 627, 624, 657, 515, 631, 595, 573, 632, 625, 640, 766, 478, 633, 637, 616, 638, 496, 677, 742, 692, 593, 406, 738, 505, 358, 496, 591, 624, 620, 609, 678, 582, 632, 647, 379, 700, 726, 657, 666, 722, 314, 612, 731, 657, 774, 419, 484, 560, 766, 705, 638, 409, 703, 603, 743, 701, 575, 293, 674, 612, 748, 646, 542, 608, 707, 502, 713, 697, 607, 485, 651, 595, 676, 475, 647, 639, 629, 576, 649, 551, 601, 411, 682, 554, 725, 568, 631, 628, 559, 697, 224, 670, 736, 611, 696, 530, 511, 664, 818, 629, 673, 707, 562, 694, 646, 578, 453, 719, 
91, 609, 608, 698, 513, 573, 565, 637, 598, 627, 624, 657, 515, 631, 595, 573, 632, 625, 640, 766, 478, 633, 637, 616, 638, 496, 677, 742, 692, 593, 406, 738, 505, 358, 496, 591, 624, 620, 609, 678, 582, 632, 647, 379, 700, 726, 657, 666, 722, 314, 612, 731, 657, 774, 419, 484, 560, 766, 705, 638, 409, 703, 603, 743, 701, 575, 293, 674, 612, 748, 646, 542, 608, 707, 502, 713, 697, 607, 485, 651, 595, 676, 475, 647, 639, 629, 576, 649, 551, 601, 411, 682, 554, 725, 568, 631, 628, 559, 697, 224, 670, 736, 611, 696, 530, 511, 664, 818, 629, 673, 707, 562, 694, 646, 578, 453, 719, 
92, 609, 608, 698, 513, 573, 565, 637, 598, 627, 624, 657, 515, 631, 595, 573, 632, 625, 640, 766, 478, 633, 637, 616, 638, 496, 677, 742, 692, 593, 406, 738, 505, 358, 496, 591, 624, 620, 609, 678, 582, 632, 647, 379, 700, 726, 657, 666, 722, 314, 612, 731, 657, 774, 419, 484, 560, 766, 705, 638, 409, 703, 603, 743, 701, 575, 293, 674, 612, 748, 646, 542, 608, 707, 502, 713, 697, 607, 485, 651, 595, 676, 475, 647, 639, 629, 576, 649, 551, 601, 411, 682, 554, 725, 568, 631, 628, 559, 697, 224, 670, 736, 611, 696, 530, 511, 664, 818, 629, 673, 707, 562, 694, 646, 578, 453, 719, 
93, 609, 608, 698, 513, 573, 565, 637, 598, 627, 624, 657, 515, 631, 595, 573, 632, 625, 640, 766, 478, 633, 637, 616, 638, 496, 677, 742, 692, 593, 406, 738, 505, 358, 496, 591, 624, 620, 609, 678, 582, 632, 647, 379, 700, 726, 657, 666, 722, 314, 612, 731, 657, 774, 419, 484, 560, 766, 705, 638, 409, 703, 603, 743, 701, 575, 293, 674, 612, 748, 646, 542, 608, 707, 502, 713, 697, 607, 485, 651, 595, 676, 475, 647, 639, 629, 576, 649, 551, 601, 411, 682, 554, 725, 568, 631, 628, 559, 697, 224, 670, 736, 611, 696, 530, 511, 664, 818, 629, 673, 707, 562, 694, 646, 578, 453, 719, 
94, 609, 608, 698, 513, 573, 565, 637, 598, 627, 624, 657, 515, 631, 595, 573, 632, 625, 640, 766, 478, 633, 637, 616, 638, 496, 677, 742, 692, 593, 406, 738, 505, 358, 496, 591, 624, 620, 609, 678, 582, 632, 647, 379, 700, 726, 657, 666, 722, 314, 612, 731, 657, 774, 419, 484, 560, 766, 705, 638, 409, 703, 603, 743, 701, 575, 293, 674, 612, 748, 646, 542, 608, 707, 502, 713, 697, 607, 485, 651, 595, 676, 475, 647, 639, 629, 576, 649, 551, 601, 411, 682, 554, 725, 568, 631, 628, 559, 697, 224, 670, 736, 611, 696, 530, 511, 664, 818, 629, 673, 707, 562, 694, 646, 578, 453, 719, 
95, 609, 608, 698, 513, 573, 565, 637, 598, 627, 624, 657, 515, 631, 595, 573, 632, 625, 640, 766, 478, 633, 637, 616, 638, 496, 677, 742, 692, 593, 406, 738, 505, 358, 496, 591, 624, 620, 609, 678, 582, 632, 647, 379, 700, 726, 657, 666, 722, 314, 612, 731, 657, 774, 419, 484, 560, 766, 705, 638, 409, 703, 603, 743, 701, 575, 293, 674, 612, 748, 646, 542, 608, 707, 502, 713, 697, 607, 485, 651, 595, 676, 475, 647, 639, 629, 576, 649, 551, 601, 411, 682, 554, 725, 568, 631, 628, 559, 697, 224, 670, 736, 611, 696, 530, 511, 664, 818, 629, 673, 707, 562, 694, 646, 578, 453, 719, 
96, 609, 608, 698, 513, 573, 565, 637, 598, 627, 624, 657, 515, 631, 595, 573, 632, 625, 640, 766, 478, 633, 637, 616, 638, 496, 677, 742, 692, 593, 406, 738, 505, 358, 496, 591, 624, 620, 609, 678, 582, 632, 647, 379, 700, 726, 657, 666, 722, 314, 612, 731, 657, 774, 419, 484, 560, 766, 705, 638, 409, 703, 603, 743, 701, 575, 293, 674, 612, 748, 646, 542, 608, 707, 502, 713, 697, 607, 485, 651, 595, 676, 475, 647, 639, 629, 576, 649, 551, 601, 411, 682, 554, 725, 568, 631, 628, 559, 697, 224, 670, 736, 611, 696, 530, 511, 664, 818, 629, 673, 707, 562, 694, 646, 578, 453, 719, 
97, 5, 17, 5, 6, 7, 5, 9, 4, 7, 5, 5, 6, 8, 4, 8, 7, 7, 5, 5, 7, 5, 5, 4, 4, 6, 6, 9, 6, 6, 7, 6, 5, 6, 5, 6, 5, 5, 5, 5, 6, 5, 5, 6, 5, 7, 8, 5, 6, 7, 6, 7, 5, 5, 7, 7, 7, 6, 8, 5, 6, 6, 9, 5, 6, 8, 5, 5, 9, 8, 6, 5, 5, 7, 4, 4, 6, 5, 6, 10, 8, 6, 5, 6, 7, 7, 6, 8, 6, 5, 7, 6, 7, 8, 4, 6, 8, 5, 4, 6, 5, 5, 7, 4, 8, 8, 5, 5, 5, 4, 6, 6, 8, 6, 7, 7, 5, 
98, 5, 17, 5, 6, 7, 5, 9, 4, 7, 5, 5, 6, 8, 4, 8, 7, 7, 5, 5, 7, 5, 5, 4, 4, 6, 6, 9, 6, 6, 7, 6, 5, 6, 5, 6, 5, 5, 5, 5, 6, 5, 5, 6, 5, 7, 8, 5, 6, 7, 6, 7, 5, 5, 7, 7, 7, 6, 8, 5, 6, 6, 9, 5, 6, 8, 5, 5, 9, 8, 6, 5, 5, 7, 4, 4, 6, 5, 6, 10, 8, 6, 5, 6, 7, 7, 6, 8, 6, 5, 7, 6, 7, 8, 4, 6, 8, 5, 4, 6, 5, 5, 7, 4, 8, 8, 5, 5, 5, 4, 6, 6, 8, 6, 7, 7, 5, 
99, 5, 17, 5, 6, 7, 5, 9, 4, 7, 5, 5, 6, 8, 4, 8, 7, 7, 5, 5, 7, 5, 5, 4, 4, 6, 6, 9, 6, 6, 7, 6, 5, 6, 5, 6, 5, 5, 5, 5, 6, 5, 5, 6, 5, 7, 8, 5, 6, 7, 6, 7, 5, 5, 7, 7, 7, 6, 8, 5, 6, 6, 9, 5, 6, 8, 5, 5, 9, 8, 6, 5, 5, 7, 4, 4, 6, 5, 6, 10, 8, 6, 5, 6, 7, 7, 6, 8, 6, 5, 7, 6, 7, 8, 4, 6, 8, 5, 4, 6, 5, 5, 7, 4, 8, 8, 5, 5, 5, 4, 6, 6, 8, 6, 7, 7, 5, 
